0;celulares e smartphones;Artigos para telefonia móvel
0;tv e vídeo;Artigos para televisores
0;consoles e games;Artigos para video games
0;áudio;Artigos de som
0;telefonia fixa;Artigos para telefonia
0;informática;Computadores e laptops corporativos
0;acessórios e periféricos;Hardwares
0;pc gamer;Computadores e laptops gamers
1;eletrodomésticos;Artigos Eletrodomésticos
1;eletroportáteis;Artigos Eletroportáteis
1;ar e ventilação;Ventiladores e Ar condicionado
1;móveis e decoração;Móveis
1;casa e construção;Materiais para construção
1;cama, mesa e banho;Artigos para cama, mesa e banho
2;livros;Livraria
2;instrumentos musicais;Instrumentos músicas e acessórios
2;música;Discos
2;filmes e séries;DVD e Blu-ray
3;mercado;Itens de supermercado
3;automotivo;Peças e acessórios para automóveis
3;brinquedos;Itens infantis
3;bebês;Itens para a primeira infância
3;gift cards;Cartões presente
3;pet shop;Comida e acessórios para pet
3;papelaria;Itens de papelaria